{
    "Uwuq": 469981.45398754074,
    "Yjor": 258683.88570794102,
    "Ozopetu": 51555.01539540534,
    "Ybubo": 937828.0,
    "Ebita": 112931.0,
    "Asoz": 19063.0,
    "Goges": 72926.0,
    "Gyvi": 248046.0,
    "Igaqi": 287529.0,
    "Kynuwyn": 128783.78772861586,
    "Anilome": 66003.0199772837,
    "Enebyr": 13806.0,
    "Ipug": 8707.0,
    "Poxaja": 363470.0,
    "Myqum": 162844.84985223177,
    "Ojoqy": 469981.45398754074,
    "Nogu": 258683.88570794102,
    "Duvola": 51555.01539540534,
    "Ykityti": 937828.0,
    "Yhucy": 112931.0,
    "Miqogak": 19063.0,
    "Ikav": 72926.0,
    "Ukec": 248046.0,
    "Nukymil": 287529.0,
    "Fuvaz": 128783.78772861586,
    "Byle": 66003.0199772837,
    "Nebak": 13806.0,
    "Dovud": 8707.0,
    "Ipij": 363470.0,
    "Taguson": 162844.84985223177,
    "Cynyfa": 469981.45398754074,
    "Ahud": 258683.88570794102,
    "Conycym": 51555.01539540534,
    "Reha": 937828.0,
    "Datu": 112931.0,
    "Peju": 19063.0,
    "Zyqucor": 72926.0,
    "Cilu": 248046.0,
    "Ozike": 287529.0,
    "Foxipeh": 128783.78772861586,
    "Ebarys": 66003.0199772837,
    "Ehew": 13806.0,
    "Iwef": 8707.0,
    "Izucuqu": 363470.0,
    "Pify": 162844.84985223177,
    "Vubusa": 469981.45398754074,
    "Ucyz": 258683.88570794102,
    "Upenup": 51555.01539540534,
    "Itamep": 937828.0,
    "Mynike": 112931.0
}